{
  "0.1": -0.00158,
  "0.10": -0.00156,
  "2.2": -0.00168,
  "3.0": -0.01279,
  "4.11": -0.00176,
  "5.5": -0.067,
  "5.8": -0.00497,
  "5.9": -0.01798,
  "6.9": 0.02122,
  "7.3": 0.02159,
  "7.9": 0.05698,
  "8.6": 0.06432,
  "8.10": 0.06631,
  "9.0": 0.00487,
  "9.6": 0.07749,
  "9.7": 0.02207,
  "9.9": 0.16961,
  "10.0": 0.03424,
  "10.1": 0.01182,
  "10.2": 0.00749,
  "10.6": 0.02163,
  "10.7": -0.11389,
  "10.10": 0.03054,
  "11.2": -0.0285,
  "11.9": -0.00385,
  "11.10": -0.08193
}